timestamp,student_id,scenario,status,summary
2026-04-21T04:15:50.598683,STU001,Follow up on incomplete assignment 'Homework 1' in Intro to Data Science (was due 2026-04-14),RESOLVED,"The user asked the assistant to help draft a follow-up message about an incomplete assignment, and the assistant provided a friendly and supportive message for the student."
2026-04-21T04:15:54.511588,STU001,Remind about tomorrow's items in Intro to Data Science: Session: Linear Regression,RESOLVED,The assistant created a friendly reminder message for a student about an upcoming Intro to Data Science session on Linear Regression.
2026-04-21T04:15:58.583417,STU001,Weekly check-in for Intro to Data Science: gather course satisfaction feedback and ask about preparation for upcoming sessions,RESOLVED,"The user requested a draft for a check-in message to gather feedback on a Data Science course and prepare for upcoming sessions, and the assistant provided a friendly outreach message to a student named Alice."
2026-04-21T04:18:49.294095,STU001,Follow up on incomplete assignment 'Homework 1' in Intro to Data Science (was due 2026-04-14),RESOLVED,"A teaching assistant drafted a friendly follow-up message to a student regarding an incomplete assignment, offering support and encouraging communication."
2026-04-21T04:18:52.474081,STU001,Remind about tomorrow's items in Intro to Data Science: Session: Linear Regression,RESOLVED,"The teaching assistant crafted a friendly reminder message for a student about an upcoming Linear Regression session in their Intro to Data Science course, while also offering help with assignments."
2026-04-21T04:18:55.378528,STU002,Remind about tomorrow's items in Advanced AI: Session: GANs; Assignment Due: Assignment 2,RESOLVED,The teaching assistant helped the user draft a reminder message about an upcoming Advanced AI session on GANs and the due date for Assignment 2.
2026-04-21T04:18:59.459061,STU001,Weekly check-in for Intro to Data Science: gather course satisfaction feedback and ask about preparation for upcoming sessions,RESOLVED,"The teaching assistant crafted a friendly outreach message to a student, requesting feedback on the Intro to Data Science course and inquiring about their preparation for upcoming assignments."
2026-04-21T04:19:53.622550,STU002,Weekly check-in for Advanced AI: gather course satisfaction feedback and ask about preparation for upcoming sessions,ESCALATED,"The user, feeling overwhelmed by academics, engages with the assistant for support and feedback regarding the Advanced AI course, prompting the assistant to offer help and suggest further resources."
2026-04-22T00:24:17.586900,STU001,Follow up on incomplete assignment 'Homework 1' in Intro to Data Science (was due 2026-04-14),RESOLVED,"The teaching assistant reached out to a student named Alice to follow up on her incomplete Homework 1 for Intro to Data Science, offering assistance and support."
2026-04-22T00:24:22.388868,STU001,Weekly check-in for Intro to Data Science: gather course satisfaction feedback and ask about preparation for upcoming sessions,RESOLVED,The teaching assistant provided an outreach message to check in with a student about their course satisfaction and preparation for future sessions in an Intro to Data Science course.
2026-04-22T00:24:26.963897,STU002,Weekly check-in for Advanced AI: gather course satisfaction feedback and ask about preparation for upcoming sessions,RESOLVED,"The user requested the assistant to draft an outreach message for a weekly check-in on course satisfaction and upcoming assignments, and the assistant provided a friendly and supportive message for that purpose."
2026-04-22T00:25:35.903130,STU001,Follow up on incomplete assignment 'Homework 1' in Intro to Data Science (was due 2026-04-14),RESOLVED,"The teaching assistant reached out to a student, Alice, to follow up on her incomplete Homework 1 for Intro to Data Science, offering support and assistance."
2026-04-22T00:25:40.036912,STU001,Weekly check-in for Intro to Data Science: gather course satisfaction feedback and ask about preparation for upcoming sessions,RESOLVED,"The teaching assistant composed a friendly outreach message to a student, inquiring about their satisfaction with the Intro to Data Science course and their preparation for upcoming sessions."
2026-04-22T00:25:45.708733,STU002,Weekly check-in for Advanced AI: gather course satisfaction feedback and ask about preparation for upcoming sessions,RESOLVED,"The teaching assistant crafted a friendly outreach message to a student named Bob, inviting feedback on the Advanced AI course and checking on his preparation for upcoming assignments and competitions."
2026-04-22T00:53:24.061360,STU001,Follow up on incomplete assignment 'Homework 1' in Intro to Data Science (was due 2026-04-14),RESOLVED,"The teaching assistant crafted a friendly follow-up message to a student regarding an incomplete assignment, offering support and encouraging communication."
2026-04-22T00:53:29.789408,STU001,Weekly check-in for Intro to Data Science: gather course satisfaction feedback and ask about preparation for upcoming sessions,RESOLVED,"The user requested an initial outreach message for a weekly check-in on course satisfaction and preparation, and the assistant provided a friendly and engaging message to gather feedback from the student."
